source_id,name,physical_type,authoritative_for,not_authoritative_for,owner,update_pattern,freshness_threshold,runtime_use,retrieval_use,model_eval_use,audit_retention,access_boundary,known_issues
SRC-AIS,AIS provider,API/stream,reported position observation from provider,navigation command or voyage identity without resolution,Fleet Data,stream,15 minutes,CONDITIONAL,YES,CONDITIONAL,YES,fleet operations,coverage gaps; aliases; provider terms
SRC-TELEM,Vessel telemetry,edge event stream,observed machinery/fuel signals,maintenance release or navigation decision,Vessel Technical,seconds/minutes,5 minutes,PERMITTED,YES,PERMITTED_SYNTHETIC,YES,vessel/fleet,clock drift; duplicate delivery
SRC-PORT,Port systems/notices,API + documents,port-issued berth/pilot constraints subject to version/status,vessel command authority,External Port,variable,60 minutes unless signed notice states otherwise,CONDITIONAL,YES,CONDITIONAL,YES,voyage/port,inconsistent semantics; conflicting API vs signed notice
SRC-WX,Weather & ocean provider,API,provider forecast snapshot,final navigational decision,External Provider,hourly,90 minutes,CONDITIONAL,YES,CONDITIONAL,YES,fleet,license; outages; forecast versioning
SRC-FMS,Fleet management/voyage schedule,database/API,planned voyage and commercial schedule,real-time safety state,Fleet Operations,transactional,30 minutes,PERMITTED,YES,PERMITTED_SYNTHETIC,YES,fleet,manual updates
SRC-CMMS,CMMS,database/API,equipment condition/maintenance holds,navigation command,Technical Operations,event/transactional,15 minutes,PERMITTED,YES,PERMITTED_SYNTHETIC,YES,vessel/fleet,asset ID mapping
SRC-CARGO,Cargo system,database/API,cargo properties/priorities/windows,safety override by itself,Cargo Operations,transactional,30 minutes,RESTRICTED,YES_WITH_PURPOSE,SYNTHETIC_ONLY,LIMITED,customer/voyage,commercial sensitivity; tenant isolation
SRC-CREW,Crew system,database/API,crew availability/rest constraints,AI employment/personnel decisions,Marine HR,transactional,60 minutes,RESTRICTED,MINIMIZED,SYNTHETIC_ONLY,LIMITED,role/purpose,personal data
SRC-POLICY,Fleet policy repository,versioned documents,active fleet recovery/authority rules when status ACTIVE,historical superseded rules,Fleet Safety & Compliance,versioned,version/status not age,PERMITTED,YES_ACTIVE_ONLY,YES,YES,role based,superseded documents remain searchable
